{
    "type": "minecraft:crafting_shaped",
    "pattern": [
        "#H#",
        "#B#",
        "HCH"
    ],
    "key": {
        "#": {
            "item": "minecraft:honey_block"
        },
        "H": {
            "item": "minecraft:honeycomb_block"
        },
        "B": {
            "item": "minecraft:bee_nest"
        },
        "C": {
            "item": "minecraft:honey_bottle"
        }
    },
    "result": {
        "item": "minecraft:bee_spawn_egg",
        "count": 1
    }
}