{
    "type": "minecraft:crafting_shaped",
    "pattern": [
        "#C#",
        "CEC",
        "CXC"
    ],
    "key": {
        "#": {
            "item": "minecraft:tnt"
        },
        "C": {
            "item": "minecraft:cooked_salmon"
        },
        "E": {
            "item": "minecraft:creeper_spawn_egg"
        },
        "X": {
            "item": "minecraft:creeper_head"
        }
    },
    "result": {
        "item": "minecraft:cat_spawn_egg",
        "count": 1
    }
}