{
    "type": "minecraft:crafting_shaped",
    "pattern": [
        "#E#",
        "ADA",
        "#Q#"
    ],
    "key": {
        "#": {
            "item": "minecraft:ender_eye"
        },
        "E": {
            "item": "minecraft:ender_chest"
        },
        "A": {
            "item": "minecraft:ender_pearl"
        },
        "D": {
            "item": "minecraft:dragon_egg"
        },
        "Q": {
            "item": "minecraft:endermite_spawn_egg"
        }
    },
    "result": {
        "item": "minecraft:enderman_spawn_egg",
        "count": 1
    }
}