{
    "type": "minecraft:crafting_shaped",
    "pattern": [
        "#S#",
        "CHC",
        "###"
    ],
    "key": {
        "#": {
            "item": "minecraft:red_wool"
        },
        "S": {
            "item": "minecraft:shears"
        },
        "C": {
            "item": "minecraft:cooked_mutton"
        },
        "H": {
            "item": "minecraft:hay_block"
        }
    },
    "result": {
        "item": "minecraft:sheep_spawn_egg",
        "count": 1
    }
}