{
    "type": "minecraft:crafting_shaped",
    "pattern": [
        "#N/",
        "WSW",
        "/N#"
    ],
    "key": {
        "#": {
            "item": "minecraft:coal_block"
        },
        "N": {
            "item": "minecraft:nether_bricks"
        },
        "/": {
            "item": "minecraft:blaze_rod"
        },
        "W": {
            "item": "minecraft:wither_skeleton_skull"
        },
        "S": {
            "item": "minecraft:stone_sword"
        }
    },
    "result": {
        "item": "minecraft:wither_skeleton_spawn_egg",
        "count": 1
    }
}